county_fips,production_survey
1001,87200.0
1003,371444.44444444444
1005,40333.333333333336
1007,
1009,
1011,
1013,4500.0
1015,38500.0
1017,14000.0
1019,59250.0
1021,
1023,
1025,
1027,
1029,
1031,29500.0
1033,61666.666666666664
1035,
1037,
1039,23333.333333333332
1041,
1043,58200.0
1045,46000.0
1047,55200.0
1049,77800.0
1051,16333.333333333334
1053,152500.0
1055,
1057,
1059,24000.0
1061,79000.0
1063,
1065,
1067,92111.11111111111
1069,109875.0
1071,71000.0
1073,
1075,
1077,180250.0
1079,75800.0
1081,16000.0
1083,643600.0
1085,61000.0
1087,16500.0
1089,614888.8888888889
1091,
1093,15000.0
1095,36333.333333333336
1097,8000.0
1099,39000.0
1101,31000.0
1103,90800.0
1105,
1107,39500.0
1109,27500.0
1111,
1113,24000.0
1115,
1117,
1119,
1121,118400.0
1123,
1125,48000.0
1127,
1129,66333.33333333333
1131,
1133,
4001,
4003,95000.0
4005,
4007,
4009,
4011,
4012,275733.3333333333
4013,195620.0
4015,
4017,
4019,
4021,113300.0
4023,
4025,
4027,146900.0
5001,3180062.5
5003,313375.0
5005,
5007,
5009,
5011,
5013,
5015,
5017,827692.3076923077
5019,
5021,619875.0
5023,
5025,
5027,
5029,243312.5
5031,472694.7368421053
5033,128323.07692307692
5035,2343705.882352941
5037,1248894.7368421052
5039,
5041,806888.8888888889
5043,262083.33333333334
5045,162714.2857142857
5047,
5049,
5051,
5053,
5055,510937.5
5057,
5059,
5061,
5063,303993.3333333333
5065,
5067,1230157.894736842
5069,1304777.7777777778
5071,53900.0
5073,401923.07692307694
5075,620500.0
5077,1520000.0
5079,459733.3333333333
5081,316090.9090909091
5083,120142.85714285714
5085,1170944.4444444445
5087,7100.0
5089,
5091,488222.22222222225
5093,1783333.3333333333
5095,1244421.0526315789
5097,
5099,
5101,
5103,
5105,49000.0
5107,1456800.0
5109,
5111,1077950.0
5113,
5115,153625.0
5117,1024222.2222222222
5119,371321.4285714286
5121,185181.81818181818
5123,1589235.294117647
5125,
5127,
5129,
5131,60000.0
5133,
5135,
5137,
5139,
5141,
5143,
5145,512000.0
5147,1128421.0526315789
5149,119562.5
6001,47428.57142857143
6003,
6005,
6007,120181.81818181818
6009,
6011,1183400.0
6013,101700.0
6015,
6017,
6019,2100933.3333333335
6021,454062.5
6023,
6025,47400.0
6027,
6029,2709357.1428571427
6031,3440823.529411765
6033,
6035,96416.66666666667
6037,
6039,652857.1428571428
6041,
6043,
6045,
6047,942833.3333333334
6049,507916.6666666667
6051,
6053,68200.0
6055,
6057,
6059,
6061,143400.0
6063,
6065,589666.6666666666
6067,591846.1538461539
6069,69750.0
6071,
6073,76000.0
6075,
6077,1332176.4705882352
6079,72285.71428571429
6081,
6083,21000.0
6085,34000.0
6087,
6089,47700.0
6091,
6093,767153.8461538461
6095,1254428.5714285714
6097,49500.0
6099,176200.0
6101,719800.0
6103,59000.0
6105,
6107,1976277.7777777778
6109,
6111,
6113,2407550.0
6115,53714.28571428572
8001,5064350.0
8003,100542.85714285714
8005,1692944.4444444445
8007,
8009,4506083.333333333
8011,282625.0
8013,206000.0
8014,28000.0
8015,
8017,4783781.25
8019,
8021,53833.333333333336
8023,47333.333333333336
8025,78116.66666666667
8027,
8029,35000.0
8031,190000.0
8033,234272.72727272726
8035,52927.27272727273
8037,
8039,909230.7692307692
8041,21257.14285714286
8043,
8045,19071.428571428572
8047,
8049,
8051,
8053,
8055,
8057,
8059,
8061,4950831.578947368
8063,10244231.578947369
8065,
8067,31610.0
8069,276142.85714285716
8071,55522.22222222222
8073,4165455.5555555555
8075,4596941.176470588
8077,259443.75
8079,
8081,279700.0
8083,176169.23076923078
8085,55000.0
8087,2416621.4285714286
8089,293275.0
8091,
8093,
8095,4195593.75
8097,
8099,4265764.705882353
8101,73888.88888888889
8103,16000.0
8105,63857.142857142855
8107,128633.33333333333
8109,80500.0
8111,
8113,32285.714285714286
8115,3078235.294117647
8117,
8119,
8121,9583352.94117647
8123,4413687.5
8125,5689500.0
9001,
9003,
9005,
9007,
9009,
9011,
9013,
9015,
10001,1473118.1818181819
10003,657645.4545454546
10005,1555600.0
12001,
12003,
12005,
12007,
12009,
12011,
12013,
12015,
12017,
12019,
12021,
12023,
12027,
12029,
12031,
12033,530900.0
12035,
12037,
12039,
12041,
12043,
12045,
12047,
12049,
12051,
12053,
12055,
12057,
12059,
12061,
12063,
12065,
12067,
12069,
12071,
12073,
12075,
12077,
12079,
12081,
12083,
12085,
12086,
12087,
12089,
12091,
12093,
12095,
12097,
12099,
12101,
12103,
12105,
12107,
12109,
12111,
12113,
12115,
12117,
12119,
12121,
12123,
12125,
12127,
12129,
12131,
12133,
13001,110666.66666666667
13003,12428.57142857143
13005,18600.0
13007,68227.27272727272
13009,
13011,
13013,
13015,57622.22222222222
13017,54450.0
13019,43750.0
13021,44409.09090909091
13023,126766.66666666667
13025,
13027,129233.33333333333
13029,
13031,203100.0
13033,302711.76470588235
13035,
13037,293213.3333333333
13039,
13043,65900.0
13045,5000.0
13047,
13049,
13051,
13053,
13055,12325.0
13057,
13059,
13061,175927.27272727274
13063,
13065,
13067,
13069,55858.333333333336
13071,137733.33333333334
13073,
13075,25500.0
13077,26140.0
13079,53750.0
13081,76000.0
13083,
13085,
13087,187569.23076923078
13089,
13091,124500.0
13093,386117.64705882355
13095,91200.0
13097,
13099,339533.3333333333
13101,
13103,53500.0
13105,33162.5
13107,110813.33333333333
13109,38500.0
13111,
13113,
13115,18600.0
13117,
13119,28250.0
13121,
13123,
13125,40500.0
13127,
13129,49333.333333333336
13131,65100.0
13133,12500.0
13135,
13137,
13139,10500.0
13141,
13143,
13145,11000.0
13147,75472.22222222222
13149,4500.0
13151,27166.666666666668
13153,264333.3333333333
13155,91184.61538461539
13157,29300.0
13159,13666.666666666666
13161,79800.0
13163,554555.5555555555
13165,110260.0
13167,122500.0
13169,
13171,125550.0
13173,7000.0
13175,340550.0
13177,311142.85714285716
13179,
13181,
13183,
13185,16000.0
13187,10000.0
13189,
13191,
13193,281235.29411764705
13195,38168.75
13197,63166.666666666664
13199,27363.636363636364
13201,187486.66666666666
13205,155538.46153846153
13207,24200.0
13209,49544.444444444445
13211,66655.55555555556
13213,40000.0
13215,
13217,35044.444444444445
13219,16960.0
13221,52591.666666666664
13223,
13225,150312.5
13227,
13229,62500.0
13231,23227.272727272728
13233,18000.0
13235,214230.76923076922
13237,41250.0
13239,
13241,
13243,471611.1111111111
13245,24200.0
13247,
13249,29800.0
13251,121594.44444444444
13253,207852.9411764706
13255,69000.0
13257,
13259,48714.28571428572
13261,507846.1538461539
13263,
13265,
13267,83818.18181818182
13269,55343.75
13271,31116.666666666668
13273,421223.5294117647
13275,92284.61538461539
13277,42168.75
13279,59850.0
13281,
13283,33666.666666666664
13285,
13287,122475.0
13289,47100.0
13291,
13293,19285.714285714286
13295,40950.0
13297,31723.076923076922
13299,21150.0
13301,25055.555555555555
13303,237325.0
13305,56375.0
13307,105777.77777777778
13309,65100.0
13311,
13313,
13315,90263.63636363637
13317,10741.666666666666
13319,19972.727272727272
13321,241571.42857142858
16001,579264.7058823529
16003,
16005,1127844.4444444445
16007,67000.0
16009,1783190.4761904762
16011,8182815.0
16013,41500.0
16015,
16017,
16019,1002062.5
16021,885761.1111111111
16023,87666.66666666667
16025,5000.0
16027,2669936.8421052634
16029,1080357.894736842
16031,4850450.0
16033,95428.57142857143
16035,439500.0
16037,
16039,971111.1111111111
16041,736106.6666666666
16043,210555.55555555556
16045,267714.28571428574
16047,377807.14285714284
16049,3920661.904761905
16051,286916.6666666667
16053,1051705.2631578948
16055,600200.0
16057,5528000.0
16059,
16061,4346223.80952381
16063,324666.6666666667
16065,231350.0
16067,1196280.0
16069,5748372.222222222
16071,666900.0
16073,699416.6666666666
16075,466877.77777777775
16077,4185323.8095238097
16079,
16081,98720.0
16083,2804560.0
16085,23000.0
16087,511088.8888888889
17001,834176.9230769231
17003,235517.64705882352
17005,1467153.8461538462
17007,176463.15789473685
17009,148968.75
17011,199093.33333333334
17013,112566.66666666667
17015,111408.33333333333
17017,141541.17647058822
17019,212900.0
17021,188370.58823529413
17023,327695.0
17025,968416.6666666666
17027,2187810.0
17029,119914.28571428571
17031,51700.0
17033,443457.14285714284
17035,173542.1052631579
17037,333419.04761904763
17039,
17041,81958.33333333333
17043,
17045,136441.17647058822
17047,404389.4736842105
17049,749161.1111111111
17051,1217657.142857143
17053,262186.6666666667
17055,831914.2857142857
17057,202269.23076923078
17059,506195.0
17061,273821.05263157893
17063,69142.85714285714
17065,1032625.0
17067,396955.55555555556
17069,
17071,89955.55555555556
17073,94192.85714285714
17075,476515.0
17077,940431.25
17079,497131.25
17081,1043433.3333333334
17083,243742.1052631579
17085,48700.0
17087,72200.0
17089,253642.1052631579
17091,592513.3333333334
17093,159691.66666666666
17095,87744.44444444444
17097,89900.0
17099,234940.0
17101,720014.2857142857
17103,141287.5
17105,591805.5555555555
17107,87709.09090909091
17109,103671.42857142857
17111,376084.2105263158
17113,138123.5294117647
17115,69642.85714285714
17117,617552.9411764706
17119,1548410.0
17121,1090450.0
17123,86841.17647058824
17125,316857.14285714284
17127,179000.0
17129,191750.0
17131,60375.0
17133,1770190.4761904762
17135,830994.4444444445
17137,195477.77777777778
17139,65890.90909090909
17141,303295.0
17143,143250.0
17145,1310411.7647058824
17147,121177.77777777778
17149,452178.94736842107
17151,
17153,282738.8888888889
17155,70425.0
17157,2197261.904761905
17159,817995.0
17161,38733.333333333336
17163,1707709.5238095238
17165,197881.25
17167,82686.66666666667
17169,242536.84210526315
17171,150546.66666666666
17173,748538.8888888889
17175,66425.0
17177,221890.47619047618
17179,222072.22222222222
17181,142113.33333333334
17183,267441.17647058825
17185,444283.3333333333
17187,46700.0
17189,3700714.285714286
17191,1185443.75
17193,1182275.0
17195,185820.0
17197,602326.6666666666
17199,83763.63636363637
17201,279630.0
17203,166972.22222222222
18001,687485.7142857143
18003,1245661.9047619049
18005,457028.5714285714
18007,122650.0
18009,138127.27272727274
18011,261600.0
18013,
18015,336168.75
18017,213117.64705882352
18019,256307.6923076923
18021,138844.44444444444
18023,206076.4705882353
18025,
18027,324360.0
18029,39650.0
18031,373533.3333333333
18033,676563.1578947369
18035,171693.75
18037,368085.71428571426
18039,138300.0
18041,127790.0
18043,3200.0
18045,178466.66666666666
18047,148665.0
18049,133160.0
18051,1509090.4761904762
18053,279015.0
18055,118237.5
18057,166468.42105263157
18059,229614.2857142857
18061,161605.26315789475
18063,236288.23529411765
18065,262675.0
18067,173211.11111111112
18069,445450.0
18071,351731.5789473684
18073,177000.0
18075,700957.1428571428
18077,130711.11111111111
18079,141985.7142857143
18081,203452.63157894736
18083,1061070.0
18085,287915.7894736842
18087,151616.66666666666
18089,191793.75
18091,404711.1111111111
18093,79112.5
18095,153550.0
18097,29400.0
18099,193580.0
18101,67333.33333333333
18103,389710.5263157895
18105,35300.0
18107,205509.52380952382
18109,117016.66666666667
18111,222100.0
18113,267714.28571428574
18115,31600.0
18117,155771.42857142858
18119,102152.94117647059
18121,127100.0
18123,29516.666666666668
18125,168650.0
18127,166470.0
18129,1921555.0
18131,112372.72727272728
18133,201675.0
18135,472521.05263157893
18137,164200.0
18139,345266.6666666667
18141,196107.14285714287
18143,97400.0
18145,328919.04761904763
18147,366462.5
18149,43066.666666666664
18151,258538.88888888888
18153,267100.0
18155,27200.0
18157,280442.85714285716
18159,154750.0
18161,37740.0
18163,498488.23529411765
18165,64625.0
18167,146288.88888888888
18169,519342.85714285716
18171,258400.0
18173,282157.8947368421
18175,131295.0
18177,239550.0
18179,475240.0
18181,176210.52631578947
18183,574566.6666666666
19001,
19003,
19005,
19007,27600.0
19009,
19011,
19013,
19015,
19017,
19019,
19021,
19023,
19025,
19027,
19029,
19031,
19033,
19035,
19037,
19039,9600.0
19041,
19043,2330.0
19045,
19047,57700.0
19049,
19051,40350.0
19053,27000.0
19055,11400.0
19057,45528.88888888889
19059,
19061,
19063,
19065,
19067,
19069,
19071,
19073,
19075,
19077,
19079,
19081,
19083,
19085,21525.0
19087,33325.0
19089,
19091,
19093,
19095,23066.666666666668
19097,31600.0
19099,
19101,76995.0
19103,46308.75
19105,
19107,23680.0
19109,
19111,127120.0
19113,
19115,24210.0
19117,
19119,51400.0
19121,
19123,9000.0
19125,
19127,
19129,16646.666666666668
19131,
19133,22100.0
19135,39690.0
19137,
19139,19670.0
19141,
19143,
19145,20782.5
19147,
19149,
19151,
19153,
19155,19140.0
19157,
19159,9750.0
19161,
19163,
19165,
19167,100300.0
19169,
19171,
19173,27700.0
19175,
19177,60618.0
19179,10600.0
19181,
19183,32865.71428571428
19185,60250.0
19187,
19189,
19191,36400.0
19193,
19195,
19197,
20001,984375.0
20003,856050.0
20005,264726.3157894737
20007,3916337.5
20009,6156380.952380952
20011,324890.0
20013,401245.0
20015,1870585.0
20017,376410.0
20019,137810.52631578947
20021,2689773.6842105263
20023,4833750.0
20025,2179950.0
20027,3613326.3157894737
20029,4896705.882352941
20031,886058.8235294118
20033,1731880.0
20035,2929252.6315789474
20037,1070364.705882353
20039,4318545.0
20041,6362905.0
20043,129000.0
20045,252845.0
20047,3879300.0
20049,163478.94736842104
20051,3667665.0
20053,3620821.052631579
20055,5998670.588235294
20057,6608480.0
20059,517505.2631578947
20061,533180.9523809524
20063,4096080.0
20065,2917678.5714285714
20067,3143326.3157894737
20069,5377835.0
20071,5201620.0
20073,236588.88888888888
20075,3627400.0
20077,7359970.0
20079,4640014.285714285
20081,3598386.6666666665
20083,3606118.75
20085,292075.0
20087,197338.88888888888
20089,5225125.0
20091,194233.33333333334
20093,3623933.3333333335
20095,7011950.0
20097,2598235.294117647
20099,1566684.2105263157
20101,3590888.888888889
20103,161452.38095238095
20105,4173752.9411764704
20107,417027.77777777775
20109,4411182.352941177
20111,668084.2105263158
20113,9455833.333333334
20115,5235909.523809524
20117,3030176.470588235
20119,3058235.294117647
20121,347375.0
20123,7499200.0
20125,1251455.0
20127,1144361.9047619049
20129,2407023.8095238097
20131,1000875.0
20133,1065050.0
20135,4400884.2105263155
20137,3210355.5555555555
20139,499400.0
20141,4569794.736842105
20143,4508157.142857143
20145,5300476.19047619
20147,3477965.0
20149,332319.04761904763
20151,6431833.333333333
20153,5548800.0
20155,8863904.761904761
20157,3427028.5714285714
20159,7033582.352941177
20161,943070.5882352941
20163,3554895.0
20165,3905111.7647058824
20167,3303473.6842105263
20169,5545447.619047619
20171,5268117.647058823
20173,6700419.047619048
20175,2275745.0
20177,215452.38095238095
20179,3937250.0
20181,6175333.333333333
20183,5272745.0
20185,5395944.444444444
20187,4409373.333333333
20189,3191050.0
20191,12542752.38095238
20193,6766466.666666667
20195,2986975.0
20197,259038.88888888888
20199,3239023.529411765
20201,3615170.588235294
20203,5301450.0
20205,1454142.105263158
20207,489238.8888888889
20209,21911.11111111111
21001,46655.555555555555
21003,41633.333333333336
21005,
21007,731535.0
21009,134025.0
21011,9666.666666666666
21013,
21015,13000.0
21017,75038.88888888889
21019,
21021,32680.0
21023,9600.0
21025,
21027,134300.0
21029,31627.272727272728
21031,44722.22222222222
21033,791233.3333333334
21035,995333.3333333334
21037,
21039,373010.0
21041,
21043,
21045,25037.5
21047,3771371.4285714286
21049,30077.777777777777
21051,
21053,20233.333333333332
21055,189041.17647058822
21057,
21059,643610.0
21061,25500.0
21063,
21065,
21067,33500.0
21069,19792.30769230769
21071,
21073,
21075,722900.0
21077,20340.0
21079,13825.0
21081,
21083,1269380.0
21085,63257.142857142855
21087,25112.5
21089,
21091,109990.0
21093,231652.38095238095
21095,
21097,27245.454545454544
21099,25166.666666666668
21101,302933.3333333333
21103,25829.41176470588
21105,955547.619047619
21107,186850.0
21109,
21111,
21113,27800.0
21115,
21117,
21119,
21121,
21123,120913.33333333333
21125,
21127,
21129,
21131,
21133,
21135,33000.0
21137,34473.68421052631
21139,92950.0
21141,2988209.523809524
21143,95650.0
21145,257425.0
21147,
21149,508875.0
21151,
21153,
21155,135566.66666666666
21157,254700.0
21159,
21161,26591.666666666668
21163,233742.1052631579
21165,
21167,42712.5
21169,33125.0
21171,49080.0
21173,31133.333333333332
21175,
21177,107571.42857142857
21179,261742.1052631579
21181,17100.0
21183,86385.71428571429
21185,53558.82352941176
21187,33533.333333333336
21189,
21191,4300.0
21193,
21195,
21197,
21199,90536.84210526316
21201,
21203,
21205,
21207,28122.222222222223
21209,23690.909090909092
21211,167276.19047619047
21213,1789576.1904761905
21215,39227.27272727273
21217,83066.66666666667
21219,2123614.285714286
21221,944138.0952380953
21223,28570.0
21225,687557.1428571428
21227,1001210.0
21229,53425.0
21231,96110.52631578948
21233,162954.54545454544
21235,
21237,
21239,20670.0
22001,137500.0
22003,
22005,
22007,
22009,440900.0
22011,63750.0
22013,
22015,163888.88888888888
22017,123750.0
22019,
22021,65000.0
22023,
22025,343600.0
22027,
22029,332000.0
22031,52500.0
22033,
22035,316900.0
22037,
22039,160888.88888888888
22041,1005000.0
22043,88000.0
22045,
22047,136666.66666666666
22049,
22051,
22053,146333.33333333334
22055,96666.66666666667
22057,
22059,
22061,
22063,
22065,187600.0
22067,657200.0
22069,157600.0
22071,
22073,206000.0
22075,
22077,1253500.0
22079,166800.0
22081,155571.42857142858
22083,967600.0
22085,
22087,
22089,
22091,
22093,
22095,
22097,542700.0
22099,105000.0
22101,
22103,
22105,
22107,383600.0
22109,
22111,
22113,
22115,
22117,
22119,
22121,83333.33333333333
22123,666200.0
22125,55000.0
22127,
23001,
23003,
23005,
23007,
23009,
23011,
23013,
23015,
23017,
23019,
23021,
23023,
23025,
23027,
23029,
23031,
24001,
24003,101771.42857142857
24005,194235.7142857143
24009,102975.0
24011,1272823.8095238095
24013,611615.7894736842
24015,435840.0
24017,139575.0
24019,1054838.888888889
24021,952038.0952380953
24023,
24025,173688.23529411765
24027,121764.28571428571
24029,1250831.5789473683
24031,311212.5
24033,59214.28571428572
24035,1741444.4444444445
24037,273412.5
24039,445776.1904761905
24041,964400.0
24043,349236.84210526315
24045,259241.17647058822
24047,546482.3529411765
24510,
25001,
25003,
25005,
25007,
25009,
25011,
25013,
25015,
25017,
25019,
25021,
25023,
25025,
25027,
26001,71470.0
26003,
26005,474736.84210526315
26007,188276.4705882353
26009,52150.0
26011,513014.28571428574
26013,
26015,458175.0
26017,1001442.8571428572
26019,
26021,218516.66666666666
26023,330700.0
26025,536390.4761904762
26027,156777.77777777778
26029,
26031,28550.0
26033,18000.0
26035,79636.36363636363
26037,1639014.2857142857
26039,
26041,31000.0
26043,
26045,1127471.4285714286
26047,
26049,538314.2857142857
26051,112087.5
26053,
26055,64415.38461538462
26057,1485295.238095238
26059,862042.8571428572
26061,
26063,4741714.285714285
26065,1191271.4285714286
26067,959804.7619047619
26069,115633.33333333333
26071,
26073,1178666.6666666667
26075,531319.0476190476
26077,239593.33333333334
26079,61333.333333333336
26081,380947.61904761905
26083,
26085,35000.0
26087,611571.4285714285
26089,
26091,2562966.6666666665
26093,450442.85714285716
26095,
26097,
26099,224823.80952380953
26101,
26103,
26105,231519.04761904763
26107,109457.8947368421
26109,
26111,330760.0
26113,38963.63636363636
26115,1647423.8095238095
26117,885125.0
26119,56550.0
26121,109907.14285714286
26123,110364.28571428571
26125,86828.57142857143
26127,117071.42857142857
26129,145855.0
26131,37400.0
26133,52771.42857142857
26135,
26137,43714.28571428572
26139,297035.0
26141,160133.33333333334
26143,
26145,1874238.0952380951
26147,822595.2380952381
26149,168976.4705882353
26151,3870471.4285714286
26153,
26155,1721771.4285714286
26157,2377100.0
26159,70020.0
26161,908390.4761904762
26163,30957.14285714286
26165,20600.0
27001,
27003,
27005,
27007,
27009,39500.0
27011,
27013,
27015,
27017,
27019,34450.0
27021,
27023,
27025,
27027,
27029,30250.0
27031,
27033,
27035,
27037,
27039,
27041,
27043,
27045,
27047,
27049,
27051,
27053,
27055,
27057,
27059,17500.0
27061,
27063,
27065,
27067,
27069,231642.85714285713
27071,
27073,69000.0
27075,
27077,40200.0
27079,48550.0
27081,
27083,
27085,35050.0
27087,32500.0
27089,72400.0
27091,
27093,
27095,
27097,
27099,
27101,
27103,
27105,
27107,70233.33333333333
27109,
27111,43000.0
27113,104137.5
27115,
27117,23000.0
27119,245825.0
27121,61000.0
27123,
27125,74900.0
27127,
27129,
27131,
27133,
27135,170744.44444444444
27137,
27139,
27141,
27143,43650.0
27145,37550.0
27147,
27149,
27151,
27153,22200.0
27155,
27157,
27159,
27161,
27163,
27165,
27167,
27169,
27171,
27173,64850.0
28001,
28003,88000.0
28005,
28007,
28009,139500.0
28011,1497368.4210526317
28013,185200.0
28015,259050.0
28017,92120.0
28019,
28021,64100.0
28023,
28025,
28027,1083789.4736842106
28029,
28031,62500.0
28033,389888.8888888889
28035,
28037,
28039,
28041,
28043,
28045,
28047,
28049,129250.0
28051,266000.0
28053,329936.84210526315
28055,209361.53846153847
28057,73616.66666666667
28059,
28061,
28063,
28065,
28067,
28069,
28071,
28073,13400.0
28075,
28077,
28079,
28081,157928.57142857142
28083,427705.8823529412
28085,
28087,94433.33333333333
28089,111314.28571428571
28091,
28093,175864.2857142857
28095,203058.33333333334
28097,
28099,
28101,
28103,94154.54545454546
28105,
28107,549000.0
28109,
28111,
28113,
28115,47000.0
28117,71480.0
28119,562928.5714285715
28121,78500.0
28123,
28125,301384.6153846154
28127,
28129,
28131,
28133,1131529.4117647058
28135,660875.0
28137,170055.55555555556
28139,24400.0
28141,
28143,751600.0
28145,12000.0
28147,
28149,142957.14285714287
28151,907947.3684210526
28153,
28155,95500.0
28157,
28159,
28161,123500.0
28163,449294.1176470588
29001,121411.76470588235
29003,82292.85714285714
29005,35100.0
29007,1159733.3333333333
29009,83086.66666666667
29011,2164189.4736842103
29013,1316015.3846153845
29015,259861.11111111112
29017,204700.0
29019,393209.5238095238
29021,106537.5
29023,776000.0
29025,199383.33333333334
29027,432811.76470588235
29029,
29031,783536.8421052631
29033,404410.0
29035,
29037,400938.8888888889
29039,67770.58823529411
29041,633275.0
29043,25300.0
29045,247200.0
29047,68038.88888888889
29049,93160.0
29051,70900.0
29053,857066.6666666666
29055,5600.0
29057,988366.6666666666
29059,24460.0
29061,145305.88235294117
29063,137875.0
29065,
29067,
29069,1394090.0
29071,178152.9411764706
29073,70833.33333333333
29075,123006.25
29077,43935.294117647056
29079,173787.5
29081,92364.28571428571
29083,624635.2941176471
29085,34033.333333333336
29087,62853.846153846156
29089,302540.0
29091,12520.0
29093,
29095,265447.0588235294
29097,1383850.0
29099,38823.529411764706
29101,408375.0
29103,243557.8947368421
29105,18971.428571428572
29107,347494.1176470588
29109,283971.4285714286
29111,305047.36842105264
29113,578031.5789473684
29115,267387.5
29117,421500.0
29119,2500.0
29121,410807.14285714284
29123,
29125,19769.23076923077
29127,407785.0
29129,33420.0
29131,28553.846153846152
29133,3050142.8571428573
29135,229950.0
29137,475433.3333333333
29139,677472.2222222222
29141,101633.33333333333
29143,1638058.8235294118
29145,209876.19047619047
29147,108446.66666666667
29149,
29151,53237.5
29153,
29155,1571571.4285714286
29157,626411.1111111111
29159,856326.3157894737
29161,12000.0
29163,609705.2631578947
29165,118728.57142857143
29167,54300.0
29169,
29171,36928.57142857143
29173,485878.94736842107
29175,349541.17647058825
29177,247837.5
29179,
29181,41154.545454545456
29183,306938.09523809527
29185,481237.5
29186,214672.22222222222
29187,30014.285714285714
29189,72243.75
29195,403728.5714285714
29197,41600.0
29199,143211.11111111112
29201,2105176.470588235
29203,
29205,608608.3333333334
29207,2236350.0
29209,
29211,49540.0
29213,15000.0
29215,
29217,1084300.0
29219,173936.84210526315
29221,
29223,28287.5
29225,17684.615384615383
29227,28550.0
29229,5100.0
29510,
30001,87666.66666666667
30003,3521900.0
30005,1999336.8421052631
30007,407052.63157894736
30009,140142.85714285713
30011,526650.0
30013,4698880.952380952
30015,16995919.04761905
30017,339250.0
30019,477100.0
30021,542384.6153846154
30023,
30025,378266.6666666667
30027,5044047.619047619
30029,302100.0
30031,966166.6666666666
30033,1127794.4444444445
30035,1602842.105263158
30037,724400.0
30039,
30041,9225571.42857143
30043,89333.33333333333
30045,1958357.142857143
30047,159311.11111111112
30049,195272.72727272726
30051,4317333.333333333
30053,
30055,666055.5555555555
30057,80500.0
30059,167100.0
30061,37000.0
30063,44450.0
30065,418972.22222222225
30067,139675.0
30069,408411.76470588235
30071,1076884.2105263157
30073,3867238.095238095
30075,277571.4285714286
30077,
30079,353536.84210526315
30081,24028.571428571428
30083,341841.17647058825
30085,568000.0
30087,692700.0
30089,25000.0
30091,143800.0
30093,
30095,702904.7619047619
30097,49333.333333333336
30099,4456904.761904762
30101,2104525.0
30103,127090.90909090909
30105,414050.0
30107,554635.0
30109,126454.54545454546
30111,2103875.0
31001,376194.1176470588
31003,97883.33333333333
31005,19200.0
31007,1513440.0
31009,28000.0
31011,64850.0
31013,4801655.0
31015,155606.66666666666
31017,34350.0
31019,271426.3157894737
31021,16800.0
31023,74350.0
31025,89257.14285714286
31027,68342.85714285714
31029,2240575.0
31031,121330.0
31033,6556431.578947368
31035,229520.0
31037,44230.769230769234
31039,49000.0
31041,411735.0
31043,
31045,1181430.0
31047,241200.0
31049,3043535.0
31051,
31053,47800.0
31055,25485.714285714286
31057,1733704.761904762
31059,181950.0
31061,656680.0
31063,2119021.052631579
31065,2793595.238095238
31067,967342.8571428572
31069,1766777.7777777778
31071,
31073,701760.0
31075,
31077,69133.33333333333
31079,107900.0
31081,138378.94736842104
31083,1365260.0
31085,1442752.6315789474
31087,2870752.380952381
31089,380423.07692307694
31091,
31093,99007.14285714286
31095,723090.4761904762
31097,181357.14285714287
31099,402075.0
31101,1893976.1904761905
31103,36340.0
31105,2686405.0
31107,108845.45454545454
31109,338815.7894736842
31111,1046315.7894736842
31113,94183.33333333333
31115,
31117,17500.0
31119,69900.0
31121,124069.23076923077
31123,1117338.0952380951
31125,138157.14285714287
31127,146210.0
31129,1466510.0
31131,200155.55555555556
31133,337175.0
31135,4417947.619047619
31137,222216.66666666666
31139,68842.85714285714
31141,64885.71428571428
31143,68750.0
31145,3014736.8421052634
31147,180966.66666666666
31149,106350.0
31151,441595.2380952381
31153,36866.666666666664
31155,133077.77777777778
31157,492980.0
31159,114529.41176470589
31161,1736419.0476190476
31163,94640.0
31165,136400.0
31167,55700.0
31169,1029752.6315789474
31171,
31173,48860.0
31175,80061.53846153847
31177,29671.428571428572
31179,24400.0
31181,1202625.0
31183,139800.0
31185,89637.5
32001,60000.0
32003,
32005,
32007,
32009,
32011,
32013,319000.0
32015,
32017,
32019,18000.0
32021,
32023,
32027,271166.6666666667
32029,
32031,
32033,
32510,
33001,
33003,
33005,
33007,
33009,
33011,
33013,
33015,
33017,
33019,
34001,
34003,
34005,174217.64705882352
34007,
34009,
34011,291175.0
34013,
34015,184076.92307692306
34017,
34019,132250.0
34021,46025.0
34023,52900.0
34025,54500.0
34027,
34029,
34031,
34033,411281.25
34035,68447.05882352941
34037,
34039,
34041,63455.555555555555
35001,
35003,
35005,70475.0
35006,
35007,18200.0
35009,2346300.0
35011,8960.0
35013,112260.0
35015,
35017,
35019,13046.666666666666
35021,
35023,115000.0
35025,118725.0
35027,
35028,
35029,161395.83333333334
35031,
35033,
35035,
35037,873035.0
35039,3900.0
35041,1030761.5384615385
35043,2120.0
35045,876533.3333333334
35047,
35049,18075.0
35051,
35053,
35055,
35057,15896.0
35059,761054.5454545454
35061,
36001,
36003,42942.857142857145
36005,
36007,
36009,27555.555555555555
36011,422827.77777777775
36013,29933.333333333332
36015,
36017,
36019,
36021,25983.333333333332
36023,17366.666666666668
36025,
36027,
36029,82536.36363636363
36031,20433.333333333332
36033,
36035,
36037,680605.8823529412
36039,
36041,
36043,
36045,50571.42857142857
36047,
36049,
36051,888623.5294117647
36053,50892.857142857145
36055,678981.25
36057,18375.0
36059,
36061,
36063,489566.6666666667
36065,107544.44444444444
36067,249064.70588235295
36069,584433.3333333334
36071,
36073,573858.8235294118
36075,21966.666666666668
36077,
36079,
36081,
36083,31533.333333333332
36085,
36087,
36089,
36091,
36093,
36095,
36097,29500.0
36099,417472.22222222225
36101,116925.0
36103,23375.0
36105,
36107,
36109,65035.71428571428
36111,17300.0
36113,
36115,13775.0
36117,230305.88235294117
36119,
36121,225453.33333333334
36123,233077.77777777778
37001,118152.38095238095
37003,37118.75
37005,
37007,247500.0
37009,
37011,
37013,1393700.0
37015,284826.3157894737
37017,205856.25
37019,41000.0
37021,
37023,8700.0
37025,143930.0
37027,19581.81818181818
37029,567550.0
37031,182190.9090909091
37033,72840.0
37035,203452.38095238095
37037,50718.75
37039,
37041,229250.0
37043,
37045,308550.0
37047,591066.6666666666
37049,180957.14285714287
37051,247055.55555555556
37053,429904.7619047619
37055,15333.333333333334
37057,101347.61904761905
37059,159333.33333333334
37061,885950.0
37063,27427.272727272728
37065,404550.0
37067,48850.0
37069,296466.6666666667
37071,50052.94117647059
37073,325157.8947368421
37075,
37077,128980.95238095238
37079,359847.61904761905
37081,240838.09523809524
37083,224020.0
37085,268000.0
37087,11000.0
37089,
37091,110715.38461538461
37093,208470.58823529413
37095,586905.5555555555
37097,310684.2105263158
37099,
37101,527761.9047619047
37103,294822.22222222225
37105,54356.25
37107,510142.85714285716
37109,156650.0
37111,
37113,
37115,
37117,211647.61904761905
37119,59783.333333333336
37121,
37123,12866.666666666666
37125,64365.0
37127,255000.0
37129,
37131,361600.0
37133,172490.0
37135,94157.14285714286
37137,417352.9411764706
37139,898190.4761904762
37141,167454.54545454544
37143,894476.1904761905
37145,304530.0
37147,662152.380952381
37149,11000.0
37151,172666.66666666666
37153,60272.72727272727
37155,1839904.761904762
37157,180342.85714285713
37159,387571.4285714286
37161,23691.666666666668
37163,1051628.5714285714
37165,202250.0
37167,467350.0
37169,27971.428571428572
37171,103923.07692307692
37173,
37175,
37177,810263.1578947369
37179,2072666.6666666667
37181,118690.47619047618
37183,141047.61904761905
37185,118442.85714285714
37187,789161.9047619047
37189,
37191,1235555.0
37193,33500.0
37195,353220.0
37197,211477.77777777778
37199,
38001,258936.36363636365
38003,121563.63636363637
38005,507716.6666666667
38007,90750.0
38009,819928.5714285715
38011,183591.66666666666
38013,278920.0
38015,296466.6666666667
38017,71760.0
38019,672750.0
38021,247661.53846153847
38023,158066.66666666666
38025,260100.0
38027,126644.44444444444
38029,407800.0
38031,80100.0
38033,240616.66666666666
38035,117466.66666666667
38037,245957.14285714287
38039,69990.90909090909
38041,579853.8461538461
38043,201090.9090909091
38045,52033.333333333336
38047,255869.23076923078
38049,527550.0
38051,442784.6153846154
38053,137409.0909090909
38055,585760.0
38057,135000.0
38059,103355.55555555556
38061,357228.5714285714
38063,292291.6666666667
38065,52333.333333333336
38067,290675.0
38069,293200.0
38071,417235.71428571426
38073,140033.33333333334
38075,756666.6666666666
38077,17550.0
38079,289075.0
38081,129260.0
38083,101500.0
38085,88655.55555555556
38087,121750.0
38089,358235.71428571426
38091,157712.5
38093,302383.3333333333
38095,321453.8461538461
38097,144700.0
38099,147380.0
38101,919770.5882352941
38103,251750.0
38105,188566.66666666666
39001,105038.88888888889
39003,1066047.619047619
39005,432076.4705882353
39007,205211.11111111112
39009,35657.142857142855
39011,1328790.4761904762
39013,
39015,118912.5
39017,250166.66666666666
39019,72937.5
39021,395147.36842105264
39023,277363.15789473685
39025,126122.22222222222
39027,367494.44444444444
39029,307230.0
39031,111480.95238095238
39033,1398752.380952381
39035,
39037,1367571.4285714286
39039,1268814.2857142857
39041,543060.0
39043,504150.0
39045,648552.380952381
39047,617940.0
39049,265452.9411764706
39051,1299500.0
39053,
39055,46333.333333333336
39057,305427.77777777775
39059,
39061,
39063,2259261.904761905
39065,1039020.0
39067,
39069,2336366.6666666665
39071,511705.0
39073,24500.0
39075,127363.15789473684
39077,1258366.6666666667
39079,35422.22222222222
39081,
39083,276855.0
39085,
39087,
39089,425557.8947368421
39091,581365.0
39093,534257.1428571428
39095,449352.63157894736
39097,670723.8095238095
39099,183721.05263157896
39101,801255.0
39103,251542.1052631579
39105,33650.0
39107,1535063.1578947369
39109,526794.7368421053
39111,
39113,210211.11111111112
39115,14550.0
39117,717583.3333333334
39119,80005.0
39121,
39123,730935.0
39125,2225319.0476190476
39127,114915.78947368421
39129,1299294.4444444445
39131,54262.5
39133,181919.04761904763
39135,438688.8888888889
39137,2756504.761904762
39139,479311.76470588235
39141,757620.0
39143,1139025.0
39145,48166.666666666664
39147,2323025.0
39149,998404.7619047619
39151,375294.1176470588
39153,25900.0
39155,215505.26315789475
39157,140500.0
39159,862200.0
39161,1284390.0
39163,
39165,208650.0
39167,61062.5
39169,578360.0
39171,1320104.761904762
39173,2971028.5714285714
39175,1335135.0
40001,22000.0
40003,7070010.0
40005,15250.0
40007,2577105.0
40009,1102740.0
40011,4160400.0
40013,179156.25
40015,3965250.0
40017,4389900.0
40019,39784.61538461538
40021,8200.0
40023,53777.77777777778
40025,3472333.3333333335
40027,90752.63157894737
40029,18933.333333333332
40031,1107400.0
40033,2148700.0
40035,279738.09523809527
40037,37638.88888888889
40039,4631433.333333333
40041,75692.30769230769
40043,2488233.3333333335
40045,958176.4705882353
40047,8913250.0
40049,253025.0
40051,1470466.6666666667
40053,8597257.142857144
40055,1649015.7894736843
40057,889937.5
40059,1555388.888888889
40061,26900.0
40063,75940.0
40065,4026275.0
40067,320800.0
40069,31600.0
40071,4906619.047619048
40073,5449985.714285715
40075,5404657.142857143
40077,
40079,166000.0
40081,82444.44444444444
40083,1384480.9523809524
40085,83580.0
40087,280509.5238095238
40089,92555.55555555556
40091,37666.666666666664
40093,3062315.789473684
40095,31550.0
40097,161457.14285714287
40099,37911.11111111111
40101,252843.75
40103,2941300.0
40105,94650.0
40107,34111.11111111111
40109,245075.0
40111,94423.07692307692
40113,378868.4210526316
40115,657865.0
40117,214538.88888888888
40119,214065.0
40121,27000.0
40123,16611.11111111111
40125,187390.0
40127,
40129,811631.5789473684
40131,121361.11111111111
40133,34777.77777777778
40135,140000.0
40137,252252.63157894736
40139,6213765.0
40141,3423226.3157894737
40143,52800.0
40145,427700.0
40147,189944.44444444444
40149,5070050.0
40151,4841942.857142857
40153,1530833.3333333333
41001,613166.6666666666
41003,301988.8888888889
41005,106223.07692307692
41007,
41009,7300.0
41011,
41013,93445.45454545454
41015,
41017,43940.0
41019,63000.0
41021,3255942.8571428573
41023,26250.0
41025,
41027,6500.0
41029,36971.42857142857
41031,517031.25
41033,27000.0
41035,314005.8823529412
41037,
41039,305333.3333333333
41041,
41043,742200.0
41045,2635075.0
41047,911972.2222222222
41049,4961466.666666667
41051,54887.5
41053,799877.7777777778
41055,4926866.666666667
41057,
41059,15286457.142857144
41061,2124673.6842105263
41063,261894.44444444444
41065,3091380.9523809524
41067,1162827.7777777778
41069,19940.0
41071,791833.3333333334
42001,532505.5555555555
42003,18425.0
42005,62670.58823529412
42007,35142.857142857145
42009,80213.33333333333
42011,572661.1111111111
42013,58720.0
42015,15200.0
42017,147400.0
42019,107811.76470588235
42021,113818.75
42023,
42025,29966.666666666668
42027,203205.55555555556
42029,441077.77777777775
42031,40016.666666666664
42033,70500.0
42035,50291.666666666664
42037,248647.0588235294
42039,70356.25
42041,396075.0
42043,223041.17647058822
42045,
42047,
42049,92846.66666666667
42051,28187.5
42053,
42055,512952.9411764706
42057,70968.75
42059,
42061,71366.66666666667
42063,74142.85714285714
42065,42000.0
42067,82368.75
42069,39800.0
42071,838933.3333333334
42073,130105.88235294117
42075,330611.76470588235
42077,415355.55555555556
42079,58588.23529411765
42081,74666.66666666667
42083,
42085,150000.0
42087,68186.66666666667
42089,29609.090909090908
42091,81544.44444444444
42093,53000.0
42095,246800.0
42097,224164.70588235295
42099,181029.41176470587
42101,
42103,
42105,50645.833333333336
42107,227382.35294117648
42109,98316.66666666667
42111,51366.666666666664
42113,
42115,
42117,34700.0
42119,100764.70588235294
42121,44900.0
42123,
42125,28728.571428571428
42127,
42129,103925.0
42131,
42133,1211555.5555555555
44001,
44003,
44005,
44007,
44009,
45001,17714.285714285714
45003,70856.25
45005,273100.0
45007,109072.22222222222
45009,82243.75
45011,72576.92307692308
45013,
45015,30766.666666666668
45017,143988.88888888888
45019,
45021,12000.0
45023,57881.25
45025,268923.5294117647
45027,797161.1111111111
45029,42590.90909090909
45031,699870.5882352941
45033,897794.4444444445
45035,52944.444444444445
45037,39590.0
45039,
45041,434335.29411764705
45043,36900.0
45045,17828.571428571428
45047,
45049,101650.0
45051,438088.8888888889
45053,
45055,67235.71428571429
45057,27900.0
45059,22425.0
45061,899094.1176470588
45063,48118.181818181816
45065,
45067,228773.33333333334
45069,422205.55555555556
45071,170772.22222222222
45073,35676.92307692308
45075,587516.6666666666
45077,
45079,162653.33333333334
45081,62037.5
45083,38621.42857142857
45085,711500.0
45087,
45089,274914.28571428574
45091,51100.0
46003,1028178.947368421
46005,1067823.5294117648
46007,1214725.0
46009,418411.76470588235
46011,95550.0
46013,138222.22222222222
46015,1666290.0
46017,359260.0
46019,230000.0
46021,152700.0
46023,2686370.0
46025,294636.36363636365
46027,126888.88888888889
46029,233638.46153846153
46031,357369.23076923075
46033,87500.0
46035,686166.6666666666
46037,137854.54545454544
46039,210090.9090909091
46041,569384.6153846154
46043,914368.4210526316
46045,279190.0
46047,286333.3333333333
46049,561183.3333333334
46051,260000.0
46053,764884.6153846154
46055,3270270.588235294
46057,246728.57142857142
46059,2063973.6842105263
46061,426131.25
46063,117580.0
46065,2482111.111111111
46067,648105.8823529412
46069,1326950.0
46071,920272.7272727273
46073,568000.0
46075,1604882.3529411764
46077,721062.5
46079,77833.33333333333
46081,12400.0
46083,67400.0
46085,3559323.8095238097
46087,65500.0
46089,193875.0
46091,42833.333333333336
46093,1314352.9411764706
46095,683923.0769230769
46097,370933.3333333333
46099,70500.0
46101,41500.0
46102,559815.3846153846
46103,1621700.0
46105,489111.1111111111
46107,2388576.470588235
46109,40033.333333333336
46111,251980.0
46115,729558.8235294118
46117,2231000.0
46119,5244500.0
46121,188692.3076923077
46123,2310652.6315789474
46125,231316.66666666666
46127,22000.0
46129,329030.76923076925
46135,126320.0
46137,1365083.3333333333
47001,
47003,185523.80952380953
47005,50000.0
47007,39964.28571428572
47009,42994.117647058825
47011,32733.333333333332
47013,
47015,49206.666666666664
47017,536250.0
47019,
47021,16900.0
47023,59954.545454545456
47025,
47027,
47029,24000.0
47031,196895.0
47033,765142.8571428572
47035,20000.0
47037,25000.0
47039,28333.333333333332
47041,29000.0
47043,
47045,1294058.8235294118
47047,458388.8888888889
47049,
47051,520476.1904761905
47053,2671666.6666666665
47055,170720.0
47057,15033.333333333334
47059,18180.0
47061,36372.72727272727
47063,19150.0
47065,
47067,
47069,255176.4705882353
47071,107454.54545454546
47073,4400.0
47075,1118285.7142857143
47077,88866.66666666667
47079,670190.4761904762
47081,38800.0
47083,
47085,40500.0
47087,
47089,31850.0
47091,
47093,
47095,502294.1176470588
47097,517888.8888888889
47099,378857.14285714284
47101,
47103,346800.0
47105,41981.818181818184
47107,64125.0
47109,60750.0
47111,43233.333333333336
47113,635150.0
47115,59253.846153846156
47117,103756.25
47119,110330.0
47121,
47123,57880.95238095238
47125,543315.7894736842
47127,
47129,
47131,1208300.0
47133,
47135,21000.0
47137,
47139,75754.54545454546
47141,
47143,27666.666666666668
47145,
47147,1868571.4285714286
47149,132680.0
47151,
47153,25500.0
47155,
47157,284083.3333333333
47159,77100.0
47161,
47163,27000.0
47165,308428.5714285714
47167,557666.6666666666
47169,32000.0
47171,
47173,
47175,
47177,72331.25
47179,13550.0
47181,
47183,1449190.4761904762
47185,45450.0
47187,68863.63636363637
47189,25566.666666666668
48001,39875.0
48003,41000.0
48005,15000.0
48007,
48009,593847.619047619
48011,883395.2380952381
48013,45728.57142857143
48015,
48017,569029.4117647059
48019,
48021,5625.0
48023,1169415.0
48025,27125.0
48027,670457.1428571428
48029,143765.0
48031,
48033,52300.0
48035,110338.88888888889
48037,175383.33333333334
48039,65666.66666666667
48041,12500.0
48043,
48045,360435.0
48047,
48049,82166.66666666667
48051,41777.77777777778
48053,15000.0
48055,28058.333333333332
48057,
48059,292314.28571428574
48061,
48063,
48065,1822761.9047619049
48067,
48069,2878200.0
48071,28600.0
48073,
48075,520752.63157894736
48077,579552.380952381
48079,167780.0
48081,85884.21052631579
48083,512857.14285714284
48085,1558210.5263157894
48087,263373.6842105263
48089,49625.0
48091,6800.0
48093,58475.0
48095,744500.0
48097,710290.4761904762
48099,312461.90476190473
48101,138864.70588235295
48103,
48105,
48107,177177.77777777778
48109,34600.0
48111,3244666.6666666665
48113,203384.61538461538
48115,224762.5
48117,3303476.1904761903
48119,419550.0
48121,750376.1904761905
48123,21583.333333333332
48125,101941.17647058824
48127,25000.0
48129,134111.11111111112
48131,18000.0
48133,54850.0
48135,
48137,14000.0
48139,1058100.0
48141,33000.0
48143,43300.0
48145,562973.6842105263
48147,1172957.142857143
48149,
48151,244775.0
48153,1134825.0
48155,1084480.0
48157,27000.0
48159,8820.0
48161,3000.0
48163,237689.47368421053
48165,594178.5714285715
48167,
48169,35062.5
48171,97365.0
48173,134381.25
48175,
48177,15025.0
48179,846555.5555555555
48181,1390228.5714285714
48183,
48185,
48187,237895.0
48189,1039240.0
48191,94550.0
48193,105915.0
48195,4334764.705882353
48197,1001642.8571428572
48199,38000.0
48201,35500.0
48203,
48205,2331400.0
48207,1885700.0
48209,40500.0
48211,178468.42105263157
48213,16166.666666666666
48215,
48217,1600000.0
48219,107523.07692307692
48221,9862.5
48223,23425.0
48225,12071.42857142857
48227,35650.0
48229,40550.0
48231,764200.0
48233,1111700.0
48235,14333.333333333334
48237,19678.571428571428
48239,62750.0
48241,
48243,
48245,
48247,
48249,44000.0
48251,343333.3333333333
48253,1424423.8095238095
48255,95570.0
48257,234376.4705882353
48259,7000.0
48261,
48263,69276.92307692308
48265,9000.0
48267,12725.0
48269,86560.0
48271,11000.0
48273,60666.666666666664
48275,2241571.4285714286
48277,651445.0
48279,801811.7647058824
48281,37850.0
48283,27625.0
48285,
48287,
48289,
48291,74500.0
48293,127200.0
48295,586647.3684210526
48297,18975.0
48299,20500.0
48301,
48303,150600.0
48305,121216.66666666667
48307,648152.380952381
48309,1118809.5238095238
48311,20000.0
48313,
48315,
48317,43781.818181818184
48319,29120.0
48321,23000.0
48323,
48325,399255.0
48327,49220.0
48329,49900.0
48331,317670.0
48333,34740.0
48335,133091.66666666666
48337,89135.29411764706
48339,
48341,2421857.1428571427
48343,
48345,40500.0
48347,
48349,217790.47619047618
48351,
48353,199722.22222222222
48355,153166.66666666666
48357,3748380.9523809524
48359,450435.0
48361,
48363,25722.222222222223
48365,
48367,16566.666666666668
48369,2556684.210526316
48371,49344.444444444445
48373,
48375,273088.8888888889
48377,
48379,10600.0
48381,1141866.6666666667
48383,88760.0
48385,
48387,88025.0
48389,49844.444444444445
48391,
48393,188629.41176470587
48395,46162.5
48397,162625.0
48399,1784952.380952381
48401,10000.0
48403,
48405,
48407,
48409,
48411,271726.3157894737
48413,63073.333333333336
48415,103426.66666666667
48417,191205.26315789475
48419,
48421,3816505.263157895
48423,18000.0
48425,
48427,
48429,44890.0
48431,32812.5
48433,340630.76923076925
48435,9000.0
48437,1618250.0
48439,115909.09090909091
48441,997509.5238095238
48443,
48445,418569.23076923075
48447,728220.0
48449,
48451,898047.619047619
48453,79255.55555555556
48455,
48457,
48459,3000.0
48461,97000.0
48463,402950.0
48465,
48467,9666.666666666666
48469,11000.0
48471,
48473,5500.0
48475,
48477,25333.333333333332
48479,
48481,67744.44444444444
48483,174100.0
48485,1700957.142857143
48487,2495600.0
48489,12000.0
48491,405880.95238095237
48493,73380.0
48495,18000.0
48497,70777.77777777778
48499,9000.0
48501,319792.85714285716
48503,515138.09523809527
48505,23000.0
48507,216227.77777777778
49001,
49003,2831736.3636363638
49005,768690.0
49007,
49009,
49011,195044.44444444444
49013,
49015,24000.0
49017,
49019,
49021,59000.0
49023,128544.44444444444
49025,
49027,134660.0
49029,
49031,
49033,
49035,168444.44444444444
49037,489427.2727272727
49039,
49041,
49043,35000.0
49045,87085.71428571429
49047,8000.0
49049,500888.8888888889
49051,
49053,7000.0
49055,
49057,152187.5
50001,
50003,
50005,
50007,
50009,
50011,
50013,
50015,
50017,
50019,
50021,
50023,
50025,
50027,
51001,934195.2380952381
51003,35500.0
51005,
51007,103688.23529411765
51009,
51011,53064.705882352944
51013,
51015,130727.27272727272
51017,
51019,44221.42857142857
51021,
51023,41700.0
51025,58533.333333333336
51027,
51029,11850.0
51031,70355.55555555556
51033,471404.7619047619
51035,
51036,374366.6666666667
51037,96315.78947368421
51041,34772.72727272727
51043,43288.88888888889
51045,
51047,60758.82352941176
51049,35600.0
51051,
51053,193900.0
51057,604485.7142857143
51059,
51061,61494.444444444445
51063,
51065,45200.0
51067,54421.05263157895
51069,40500.0
51071,
51073,106693.75
51075,108209.09090909091
51077,
51079,
51081,80294.11764705883
51083,123495.0
51085,485810.0
51087,126066.66666666667
51089,
51091,
51093,394364.70588235295
51095,58050.0
51097,303968.4210526316
51099,80275.0
51101,449385.0
51103,175030.0
51105,
51107,129263.15789473684
51109,52463.63636363636
51111,48792.857142857145
51113,60650.0
51115,
51117,130957.8947368421
51119,199415.7894736842
51121,
51125,
51127,154308.33333333334
51131,815909.5238095238
51133,675645.0
51135,53850.0
51137,56418.75
51139,
51141,
51143,242557.14285714287
51145,46362.5
51147,28383.333333333332
51149,182450.0
51153,29662.5
51155,33500.0
51157,
51159,433431.5789473684
51161,
51163,
51165,78619.04761904762
51167,
51169,
51171,45041.17647058824
51173,
51175,373963.15789473685
51177,55428.57142857143
51179,
51181,359215.7894736842
51183,307285.0
51185,
51187,
51191,
51193,560119.0476190476
51195,
51197,
51199,
51510,
51520,
51530,
51540,
51550,395838.8888888889
51570,
51580,
51590,
51595,
51600,
51610,
51620,
51630,
51640,
51650,
51660,
51670,
51678,
51680,
51683,
51685,
51690,
51700,
51710,
51720,
51730,
51735,
51740,
51750,
51760,
51770,
51775,
51790,
51800,375361.90476190473
51810,312300.0
51820,
51830,
51840,
53001,13320614.285714285
53003,1080450.0
53005,4060417.6470588236
53007,
53009,
53011,
53013,5418709.523809524
53015,
53017,6962552.380952381
53019,
53021,3480300.0
53023,3862400.0
53025,8280455.0
53027,
53029,
53031,
53033,
53035,
53037,40000.0
53039,1057926.3157894737
53041,
53043,16900510.0
53045,
53047,331886.6666666667
53049,
53051,
53053,
53055,
53057,236777.77777777778
53059,
53061,36000.0
53063,6265736.842105263
53065,229214.2857142857
53067,
53069,
53071,13368595.238095239
53073,43000.0
53075,26636895.23809524
53077,936000.0
54001,
54003,52011.76470588235
54005,
54007,
54009,
54011,
54013,
54015,
54017,
54019,
54021,
54023,
54025,
54027,
54029,
54031,
54033,
54035,
54037,239294.11764705883
54039,
54041,
54043,
54045,
54047,
54049,
54051,
54053,22333.333333333332
54055,
54057,
54059,
54061,
54063,75000.0
54065,
54067,
54069,
54071,
54073,
54075,
54077,
54079,
54081,
54083,
54085,
54087,
54089,
54091,
54093,
54095,
54097,
54099,
54101,
54103,
54105,
54107,
54109,
55001,40175.0
55003,
55005,111346.15384615384
55007,
55009,585552.6315789474
55011,
55013,35500.0
55015,578252.6315789474
55017,34500.0
55019,84300.0
55021,518080.0
55023,52683.333333333336
55025,809220.0
55027,837540.0
55029,586395.0
55031,
55033,45787.5
55035,23450.0
55037,
55039,894395.0
55041,
55043,112113.33333333333
55045,377127.77777777775
55047,245244.44444444444
55049,116815.78947368421
55051,
55053,42933.333333333336
55055,361610.5263157895
55057,92192.30769230769
55059,333690.0
55061,600650.0
55063,31775.0
55065,145400.0
55067,131607.6923076923
55069,23200.0
55071,926940.0
55073,98555.55555555556
55075,69757.14285714286
55077,56242.857142857145
55078,
55079,38000.0
55081,31100.0
55083,274672.22222222225
55085,
55087,441015.7894736842
55089,278373.6842105263
55091,
55093,
55095,35936.36363636364
55097,26300.0
55099,
55101,574825.0
55103,64914.28571428572
55105,575605.8823529412
55107,
55109,58933.333333333336
55111,243965.0
55113,
55115,189177.77777777778
55117,691815.0
55119,
55121,38533.333333333336
55123,49509.09090909091
55125,
55127,481188.8888888889
55129,36900.0
55131,323660.0
55133,211750.0
55135,130535.0
55137,64581.25
55139,621500.0
55141,91444.44444444444
56001,
56003,
56005,136500.0
56007,
56009,37000.0
56011,131269.23076923078
56013,
56015,816514.2857142857
56017,
56019,
56021,2299541.1764705884
56023,
56025,25000.0
56027,135480.0
56029,
56031,291346.1538461539
56033,58800.0
56035,
56037,
56039,
56041,
56043,
56045,
